{"0": 0.29746967143184133, "1": 9.64608636977058, "2": 366.55128205128204, "3": 27.704457364341085, "4": 0.42061670638773646, "5": 8.44887706855792}