{"0": 0.22275581779374867, "1": 0.302209716600544, "2": 2.3788411175595825, "3": 22.070940170940172, "4": 6.780741240903294, "5": 12.866467364225212, "6": 3.778843942719766, "7": 7.91353646790999, "8": 8.337299940039665}